{
    "robots": [
        {
            "name": "IRB 120",
            "type": "robotic arm",
            "manufacturer": "ABB",
            "xacro-generated": false,
            "urdf": [
                "urdf/abbIrb120.urdf"
            ],
            "variant": null,
            "source-link": "https://se.mathworks.com/matlabcentral/fileexchange/98714-robotics-system-toolbox-robot-library-data",
            "id": 4
        },
        {
            "name": "IRB 120T",
            "type": "robotic arm",
            "manufacturer": "ABB",
            "xacro-generated": false,
            "urdf": [
                "urdf/abbIrb120T.urdf"
            ],
            "variant": null,
            "source-link": "https://se.mathworks.com/matlabcentral/fileexchange/98714-robotics-system-toolbox-robot-library-data",
            "id": 5
        }
    ]
}