{
    "robots": [
        {
            "name": "RX 160",
            "type": "robotic arm",
            "manufacturer": "Staubli",
            "xacro-generated": false,
            "urdf": [
                "urdf/rx160.urdf"
            ],
            "variant": null,
            "source-link": "https://github.com/ros-industrial/staubli/tree/367d92ec7432867d9ba87c3399d49a940c4afc67/staubli_rx160_support",
            "id": 155
        },
        {
            "name": "RX 160L",
            "type": "robotic arm",
            "manufacturer": "Staubli",
            "xacro-generated": false,
            "urdf": [
                "urdf/rx160l.urdf"
            ],
            "variant": null,
            "source-link": "https://github.com/ros-industrial/staubli/tree/367d92ec7432867d9ba87c3399d49a940c4afc67/staubli_rx160_support",
            "id": 156
        }
    ]
}