{
    "robots": [
        {
            "name": "LBR iiwa 7",
            "type": "robotic arm",
            "manufacturer": "KUKA",
            "xacro-generated": false,
            "urdf": [
                "urdf/kukaIiwa7.urdf"
            ],
            "variant": null,
            "source-link": "https://se.mathworks.com/matlabcentral/fileexchange/98714-robotics-system-toolbox-robot-library-data",
            "id": 16
        },
        {
            "name": "LBR iiwa 14",
            "type": "robotic arm",
            "manufacturer": "KUKA",
            "xacro-generated": false,
            "urdf": [
                "urdf/kukaIiwa14.urdf"
            ],
            "variant": null,
            "source-link": "https://se.mathworks.com/matlabcentral/fileexchange/98714-robotics-system-toolbox-robot-library-data",
            "id": 17
        }
    ]
}